INSERT INTO CardCatalogue (CardID, CardName, CardType, CardPrice, CardStock)
VALUES 
    ('PKMN04', 'Pokemon Scarlet and Violet "Glacial Bond & Shiftry ex"', 'Booster Pack', 180000.00, 15),
    ('PKMN05', 'Pokemon Sword and Shield "Battle Arena Decks"', 'Starter Decks', 25000.00, 30),
    ('PKMN06', 'Pokemon Scarlet and Violet "Sceptile & Bisharp ex"', 'Booster Pack', 175000.00, 12),
    ('YGO004', 'Yu-Gi-Oh! "Phantom Rage"', 'Booster Pack', 48000.00, 90),
    ('YGO005', 'Yu-Gi-Oh! "Blue-Eyes White Dragon Deck"', 'Starter Deck', 18000.00, 60),
    ('YGO006', 'Yu-Gi-Oh! "Maximum Gold: El Dorado"', 'Booster Pack', 55000.00, 80),
    ('MTG004', 'MTG "Strixhaven: School of Mages"', 'Booster Pack', 350000.00, 15),
    ('MTG005', 'MTG "Modern Horizons 2"', 'Booster Display', 400000.00, 10),
    ('MTG006', 'MTG "Commander Legends"', 'Bundle Pack', 1200000.00, 8),
    ('PKMN07', 'Pokemon Sword and Shield "Zacian & Zamazenta V Battle Box"', 'Limited Edition', 300000.00, 5),
    ('PKMN08', 'Pokemon Scarlet and Violet "Mewtwo & Charizard V Box"', 'Limited Edition', 280000.00, 8),
    ('YGO007', 'Yu-Gi-Oh! "Legendary Duelists: Synchro Storm"', 'Booster Pack', 42000.00, 70),
    ('YGO008', 'Yu-Gi-Oh! "Ghosts From the Past"', 'Limited Edition', 60000.00, 25),
    ('MTG007', 'MTG "Double Masters"', 'Booster Box', 800000.00, 6),
    ('MTG008', 'MTG "Zendikar Rising"', 'Collector Booster', 450000.00, 12),
    ('PKMN09', 'Pokemon Scarlet and Violet "Pikachu & Zekrom GX Box"', 'Limited Edition', 260000.00, 10),
    ('PKMN10', 'Pokemon Sword and Shield "Charizard & Braixen V Box"', 'Limited Edition', 290000.00, 7),
    ('YGO009', 'Yu-Gi-Oh! "Structure Deck: Cyber Style"', 'Starter Deck', 20000.00, 40),
    ('YGO010', 'Yu-Gi-Oh! "Lightning Overdrive"', 'Booster Pack', 38000.00, 85),
    ('MTG009', 'MTG "Innistrad: Midnight Hunt"', 'Draft Booster', 320000.00, 18),
    ('MTG010', 'MTG "Kaldheim"', 'Set Booster', 270000.00, 22),
    ('PKMN11', 'Pokemon Sword and Shield "Darkness Ablaze"', 'Booster Pack', 190000.00, 13),
    ('PKMN12', 'Pokemon Scarlet and Violet "Galarian Rapidash V Box"', 'Limited Edition', 270000.00, 9),
    ('YGO011', 'Yu-Gi-Oh! "Dawn of Majesty"', 'Booster Pack', 44000.00, 60),
    ('YGO012', 'Yu-Gi-Oh! "Legendary Duelists: Rage of Ra"', 'Booster Pack', 60000.00, 50),
    ('MTG011', 'MTG "Core Set 2021"', 'Draft Booster', 300000.00, 20),
    ('MTG012', 'MTG "Modern Horizons"', 'Booster Pack', 380000.00, 10),
    ('PKMN13', 'Pokemon Sword and Shield Champions Path', 'Booster Pack', 210000.00, 18),
    ('PKMN14', 'Pokemon Scarlet and Violet Inteleon & Cinderace V Box', 'Limited Edition', 310000.00, 6),
    ('YGO013', 'Yu-Gi-Oh! Structure Deck: Sacred Beasts', 'Starter Deck', 22000.00, 35),
    ('YGO014', 'Yu-Gi-Oh! "Blazing Vortex"', 'Booster Pack', 42000.00, 75),
    ('MTG013', 'MTG "Throne of Eldraine"', 'Collector Booster', 480000.00, 9),
    ('MTG014', 'MTG "Ikoria: Lair of Behemoths"', 'Booster Box', 850000.00, 5),
    ('PKMN15', 'Pokemon Scarlet and Violet "Galarian Sirfetchd V Box"', 'Limited Edition', 240000.00, 12),
    ('PKMN16', 'Pokemon Sword and Shield "Evolving Skies"', 'Booster Pack', 230000.00, 16),
    ('YGO015', 'Yu-Gi-Oh! "Kings Court"', 'Booster Pack', 46000.00, 65),
    ('YGO016', 'Yu-Gi-Oh! "Structure Deck: Mechanized Madness"', 'Starter Deck', 24000.00, 45),
    ('MTG015', 'MTG "Guilds of Ravnica"', 'Booster Pack', 280000.00, 25),
    ('MTG016', 'MTG "War of the Spark"', 'Booster Box', 900000.00, 4),
    ('PKMN17', 'Pokemon Scarlet and Violet "Galarian Slowking V Box"', 'Limited Edition', 260000.00, 11),
    ('PKMN18', 'Pokemon Sword and Shield "Shining Fates"', 'Booster Pack', 250000.00, 14),
    ('YGO017', 'Yu-Gi-Oh! "Phantom Rage"', 'Booster Pack', 48000.00, 70),
    ('YGO018', 'Yu-Gi-Oh! "Ghosts From the Past"', 'Limited Edition', 60000.00, 30),
    ('MTG017', 'MTG "Double Masters"', 'Booster Box', 800000.00, 8),
    ('MTG018', 'MTG "Zendikar Rising"', 'Collector Booster', 450000.00, 15),
    ('PKMN19', 'Pokemon Scarlet and Violet "Pikachu & Zekrom GX Box"', 'Limited Edition', 260000.00, 9),
    ('PKMN20', 'Pokemon Sword and Shield "Charizard & Braixen V Box"', 'Limited Edition', 290000.00, 6),
    ('YGO019', 'Yu-Gi-Oh! "Structure Deck: Cyber Style"', 'Starter Deck', 20000.00, 35),
    ('YGO020', 'Yu-Gi-Oh! "Lightning Overdrive"', 'Booster Pack', 38000.00, 80),
    ('MTG019', 'MTG "Innistrad: Midnight Hunt"', 'Draft Booster', 320000.00, 15),
    ('MTG020', 'MTG "Kaldheim"', 'Set Booster', 270000.00, 20);


INSERT INTO Merchandise (ItemID, Name, Type, Price, MerchStock)
VALUES 
    ('MCH001', 'Pikachu and Ash', 'Figures', 40000.99, 200),
    ('MCH002', 'Blue Eyes White Dragon', 'Figures', 4000000.00, 5),
    ('MCH003', 'Magic: The Gathering Deck Box', 'Accessories', 15000.50, 100),
    ('MCH004', 'Pokemon Playmat', 'Accessories', 19000.99, 80),
    ('MCH005', 'Yu-Gi-Oh! Card Sleeves', 'Accessories', 5000.99, 120),
    ('MCH006', 'Magic: The Gathering Dice Set', 'Accessories', 12000.99, 50),
    ('MCH007', 'Pokemon Collectible Figure', 'Collectibles', 70000.99, 90),
    ('MCH008', 'Pokemon Plush Toy', 'Collectibles', 60000.99, 70),
    ('MCH009', 'Yu-Gi-Oh! Action Figure', 'Collectibles', 55000.99, 60),
    ('MCH010', 'Magic: The Gathering Art Print', 'Collectibles', 25000.99, 40),
    ('MCH011', 'Pokemon Keychain', 'Accessories', 3000.50, 150),
    ('MCH012', 'Yu-Gi-Oh! Backpack', 'Accessories', 35000.50, 30),
    ('MCH013', 'Magic: The Gathering T-Shirt', 'Apparel', 20000.99, 100),
    ('MCH014', 'Pokemon Hoodie', 'Apparel', 45000.99, 50),
    ('MCH015', 'Yu-Gi-Oh! Cap', 'Apparel', 15000.50, 80),
    ('MCH016', 'Magic: The Gathering Mug', 'Accessories', 8000.50, 120),
    ('MCH017', 'Pokemon Lunch Box', 'Accessories', 12000.99, 90),
    ('MCH018', 'Yu-Gi-Oh! Poster', 'Collectibles', 10000.50, 110),
    ('MCH019', 'Magic: The Gathering Backpack', 'Accessories', 40000.99, 60),
    ('MCH020', 'Pokemon Stationery Set', 'Accessories', 15000.50, 100),
    ('MCH021', 'Yu-Gi-Oh! Plush Toy', 'Collectibles', 28000.99, 45),
    ('MCH022', 'Magic: The Gathering Card Binder', 'Accessories', 25000.50, 55),
    ('MCH023', 'Pokemon Water Bottle', 'Accessories', 8000.99, 130),
    ('MCH024', 'Yu-Gi-Oh! Puzzle', 'Collectibles', 18000.50, 75),
    ('MCH025', 'Magic: The Gathering Collectible Coins', 'Collectibles', 35000.99, 35),
    ('MCH026', 'Pokemon Wall Decal', 'Collectibles', 12000.50, 85),
    ('MCH027', 'Yu-Gi-Oh! Card Storage Box', 'Accessories', 20000.99, 50),
    ('MCH028', 'Magic: The Gathering Phone Case', 'Accessories', 10000.50, 95),
    ('MCH029', 'Pokemon Puzzle', 'Collectibles', 15000.99, 65),
    ('MCH030', 'Yu-Gi-Oh! Sculpture', 'Collectibles', 30000.50, 40),
    ('MCH031', 'Magic: The Gathering Trading Pins', 'Collectibles', 9000.99, 110),
    ('MCH032', 'Pokemon Earphones', 'Accessories', 18000.50, 55),
    ('MCH033', 'Yu-Gi-Oh! Art Book', 'Collectibles', 25000.99, 30),
    ('MCH034', 'Magic: The Gathering Keychain', 'Accessories', 6000.50, 85),
    ('MCH035', 'Pokemon Poster', 'Collectibles', 10000.99, 75),
    ('MCH036', 'Yu-Gi-Oh! Trading Cards Album', 'Accessories', 22000.50, 45),
    ('MCH037', 'Magic: The Gathering Backpack', 'Accessories', 40000.99, 60),
    ('MCH038', 'Pokemon Pencil Case', 'Accessories', 5000.50, 100),
    ('MCH039', 'Yu-Gi-Oh! Mouse Pad', 'Accessories', 7000.99, 110),
    ('MCH040', 'Magic: The Gathering Playmat', 'Accessories', 18000.50, 70),
    ('MCH041', 'Pokemon Collectible Pins', 'Collectibles', 8000.99, 120),
    ('MCH042', 'Yu-Gi-Oh! Cosplay Costume', 'Apparel', 60000.50, 25),
    ('MCH043', 'Magic: The Gathering Hoodie', 'Apparel', 45000.99, 35),
    ('MCH044', 'Pokemon Backpack', 'Accessories', 35000.50, 30),
    ('MCH045', 'Yu-Gi-Oh! Trading Cards Binder', 'Accessories', 25000.99, 40),
    ('MCH046', 'Magic: The Gathering Wall Art', 'Collectibles', 30000.50, 20),
    ('MCH047', 'Pokemon Coin Bank', 'Collectibles', 12000.99, 65),
    ('MCH048', 'Yu-Gi-Oh! Playing Cards', 'Accessories', 5000.50, 90),
    ('MCH049', 'Magic: The Gathering Water Bottle', 'Accessories', 8000.99, 55),
    ('MCH050', 'Pokemon Umbrella', 'Accessories', 15000.50, 80);


INSERT INTO Menu (MenuId, MenuName, MenuType, MenuPrice, MenuStock)
VALUES 
    ('MNU001', 'Iced Coffee', 'Drink', 3000.00, 100),
    ('MNU002', 'Club Sandwich', 'Food', 10000.50, 75),
    ('MNU003', 'Green Tea', 'Drink', 6000.75, 50),
    ('MNU004', 'Caesar Salad', 'Food', 17000.99, 80),
    ('MNU005', 'Orange Juice', 'Drink', 5000.99, 120),
    ('MNU006', 'Margherita Pizza', 'Food', 20000.50, 60),
    ('MNU007', 'Milkshake', 'Drink', 8000.75, 90),
    ('MNU008', 'Cappuccino', 'Drink', 4000.00, 110),
    ('MNU009', 'Chicken Burger', 'Food', 12000.50, 85),
    ('MNU010', 'Black Tea', 'Drink', 5000.75, 60),
    ('MNU011', 'Greek Salad', 'Food', 15000.99, 90),
    ('MNU012', 'Apple Juice', 'Drink', 6000.99, 130),
    ('MNU013', 'Pepperoni Pizza', 'Food', 22000.50, 70),
    ('MNU014', 'Smoothie', 'Drink', 9000.75, 100),
    ('MNU015', 'Espresso', 'Drink', 3500.00, 95),
    ('MNU016', 'Fish Tacos', 'Food', 13000.50, 80),
    ('MNU017', 'Chai Latte', 'Drink', 4500.75, 70),
    ('MNU018', 'Spinach Quiche', 'Food', 18000.99, 65),
    ('MNU019', 'Lemonade', 'Drink', 5500.99, 110),
    ('MNU020', 'Vegetarian Pizza', 'Food', 19000.50, 75),
    ('MNU021', 'Hot Chocolate', 'Drink', 5000.75, 85),
    ('MNU022', 'Pasta Carbonara', 'Food', 20000.99, 55),
    ('MNU023', 'Mojito', 'Drink', 7000.99, 120),
    ('MNU024', 'Beef Steak', 'Food', 25000.50, 50),
    ('MNU025', 'Iced Tea', 'Drink', 4500.75, 95),
    ('MNU026', 'Caesar Wrap', 'Food', 16000.99, 70),
    ('MNU027', 'Fruit Smoothie', 'Drink', 8500.75, 105),
    ('MNU028', 'Latte', 'Drink', 4000.00, 100),
    ('MNU029', 'BBQ Ribs', 'Food', 24000.50, 60),
    ('MNU030', 'Matcha Latte', 'Drink', 5500.75, 80),
    ('MNU031', 'Caprese Salad', 'Food', 17000.99, 75),
    ('MNU032', 'Pineapple Juice', 'Drink', 6500.99, 115),
    ('MNU033', 'Margarita Pizza', 'Food', 21000.50, 65),
    ('MNU034', 'Iced Mocha', 'Drink', 6000.75, 90),
    ('MNU035', 'Chicken Wings', 'Food', 18000.99, 55),
    ('MNU036', 'Hot Tea', 'Drink', 4000.75, 105),
    ('MNU037', 'Tuna Sandwich', 'Food', 13000.50, 80),
    ('MNU038', 'Frappe', 'Drink', 7000.75, 95),
    ('MNU039', 'Americano', 'Drink', 3500.00, 110),
    ('MNU040', 'Vegetable Stir-fry', 'Food', 16000.50, 70),
    ('MNU041', 'Bubble Tea', 'Drink', 8000.75, 85),
    ('MNU042', 'Shrimp Pasta', 'Food', 19000.99, 60),
    ('MNU043', 'Lemon Iced Tea', 'Drink', 5000.99, 100),
    ('MNU044', 'Sushi Roll', 'Food', 22000.50, 50),
    ('MNU045', 'Iced Latte', 'Drink', 4500.75, 95),
    ('MNU046', 'Beef Burger', 'Food', 14000.99, 75),
    ('MNU047', 'Hot Coffee', 'Drink', 3000.99, 120),
    ('MNU048', 'Chicken Salad', 'Food', 15000.50, 70),
    ('MNU049', 'Berry Smoothie', 'Drink', 7500.75, 100),
    ('MNU050', 'Margherita Salad', 'Food', 18000.99, 65);


INSERT INTO Employees (EmployeeID, Name, Gender, PhoneNumber, Email, Age)
VALUES
    ('BIGBOS', 'HANIF FURQAN', 'Male', '111-111-111', 'boshanif@gmail.com', 21),
    ('MASTER', 'Surya Alam', 'Male', '151-436-8344', 'suryalam@gmail.com', 21),
    ('MANAGE', 'Alif Satriadi', 'Male', '985-345-2304', 'satrialif@gmail.com', 20),
    ('EMP001', 'Josiah Galenos', 'Male', '123-456-7890', 'joshgale21@gmail.com', 35),
    ('EMP002', 'Tullia Anna', 'Female', '987-654-3210', 'tulip256@yahoo.com', 28),
    ('EMP003', 'Judikael Godehard', 'Male', '555-555-5555', 'kael123@gmail.com', 40),
    ('EMP004', 'Debbora Antonieta', 'Female', '777-777-7777', 'debby27@gmail.com', 32),
    ('EMP005', 'Igino Yedidyah', 'Male', '888-888-8888', 'Igiyhah9@yahoo.com', 29),
    ('EMP006', 'Siska Rahmawati', 'Female', '111-222-3333', 'siska.rahma@gmail.com', 25),
    ('EMP007', 'Fariz Alwi', 'Male', '444-555-6666', 'fariz.alwi@gmail.com', 30),
    ('EMP008', 'Anindya Pratama', 'Female', '777-888-9999', 'anindya.pratama@yahoo.com', 27),
    ('EMP009', 'Rizky Saputra', 'Male', '666-777-8888', 'rizky.saputra@gmail.com', 26),
    ('EMP010', 'Siti Nurjanah', 'Female', '999-888-7777', 'siti.nurjanah@gmail.com', 31);

INSERT INTO Membership (MembershipID, CustomerID, Rank, JoinDate)
VALUES 
    ('MEM001', 'CUS002', 'Silver', DATE_FORMAT(DATE_ADD('2024-01-01', INTERVAL FLOOR(RAND() * 150) DAY), '%Y-%m-%d')),
    ('MEM003', 'CUS067', 'Gold', DATE_FORMAT(DATE_ADD('2024-01-01', INTERVAL FLOOR(RAND() * 150) DAY), '%Y-%m-%d')),
    ('MEM005', 'CUS068', 'Bronze', DATE_FORMAT(DATE_ADD('2024-01-01', INTERVAL FLOOR(RAND() * 150) DAY), '%Y-%m-%d')),
    ('MEM006', 'CUS015', 'Gold', DATE_FORMAT(DATE_ADD('2024-01-01', INTERVAL FLOOR(RAND() * 150) DAY), '%Y-%m-%d')),
    ('MEM007', 'CUS072', 'Silver', DATE_FORMAT(DATE_ADD('2024-01-01', INTERVAL FLOOR(RAND() * 150) DAY), '%Y-%m-%d')),
    ('MEM008', 'CUS083', 'Gold', DATE_FORMAT(DATE_ADD('2024-01-01', INTERVAL FLOOR(RAND() * 150) DAY), '%Y-%m-%d')),
    ('MEM009', 'CUS078', 'Bronze', DATE_FORMAT(DATE_ADD('2024-01-01', INTERVAL FLOOR(RAND() * 150) DAY), '%Y-%m-%d')),
    ('MEM010', 'CUS100', 'Silver', DATE_FORMAT(DATE_ADD('2024-01-01', INTERVAL FLOOR(RAND() * 150) DAY), '%Y-%m-%d')),
    ('MEM002', 'CUS068', 'Gold', DATE_FORMAT(DATE_ADD('2024-01-01', INTERVAL FLOOR(RAND() * 150) DAY), '%Y-%m-%d')),
    ('MEM004', 'CUS056', 'Bronze', DATE_FORMAT(DATE_ADD('2024-01-01', INTERVAL FLOOR(RAND() * 150) DAY), '%Y-%m-%d')),
    ('MEM011', 'CUS015', 'Gold', DATE_FORMAT(DATE_ADD('2024-01-01', INTERVAL FLOOR(RAND() * 150) DAY), '%Y-%m-%d')),
    ('MEM012', 'CUS100', 'Silver', DATE_FORMAT(DATE_ADD('2024-01-01', INTERVAL FLOOR(RAND() * 150) DAY), '%Y-%m-%d'));


INSERT INTO Customers (CustomerID, Name, PhoneNumber, Membership_MembershipID)
VALUES 
    ('CUS001', 'Alice Johnson', '111-111-1111', NULL),
    ('CUS002', 'Bob Smith', '222-222-2222', 'MEM001'),
    ('CUS003', 'Eva Davis', '333-333-3333', NULL),
    ('CUS004', 'Jack Wilson', '444-444-4444', NULL),
    ('CUS005', 'Sophia Brown', '555-555-5555', NULL),
    ('CUS006', 'David Taylor', '666-666-6666', NULL),
    ('CUS007', 'Lily Martinez', '777-777-7777', NULL),
    ('CUS008', 'Oliver Thompson', '888-888-8888', NULL),
    ('CUS009', 'Emma White', '999-999-9999', NULL),
    ('CUS010', 'James Harris', '101-101-1010', NULL),
    ('CUS011', 'Ava Garcia', '202-202-2020', NULL),
    ('CUS012', 'Lucas Clark', '303-303-3030', NULL),
    ('CUS013', 'Mia Rodriguez', '404-404-4040', NULL),
    ('CUS014', 'Noah Lewis', '505-505-5050', NULL),
    ('CUS015', 'Isabella Lee', '606-606-6060', 'MEM006'),
    ('CUS016', 'Ethan Hall', '707-707-7070', NULL),
    ('CUS017', 'Aria Scott', '808-808-8080', NULL),
    ('CUS018', 'Logan Green', '909-909-9090', NULL),
    ('CUS019', 'Amelia Adams', '111-222-3333', NULL),
    ('CUS020', 'Benjamin Baker', '222-333-4444', NULL),
    ('CUS021', 'Charlotte Hill', '333-444-5555', NULL),
    ('CUS022', 'Daniel Ward', '444-555-6666', NULL),
    ('CUS023', 'Emily Moore', '555-666-7777', NULL),
    ('CUS024', 'Gabriel King', '666-777-8888', NULL),
    ('CUS025', 'Hannah Ross', '777-888-9999', NULL),
    ('CUS026', 'Ian Campbell', '888-999-0000', NULL),
    ('CUS027', 'Jasmine Price', '999-000-1111', NULL),
    ('CUS028', 'Kevin Young', '000-111-2222', NULL),
    ('CUS029', 'Luna Cooper', '111-222-3333', NULL),
    ('CUS030', 'Mason Morgan', '222-333-4444', NULL),
    ('CUS031', 'Nora Reed', '333-444-5555', NULL),
    ('CUS032', 'Owen Stewart', '444-555-6666', NULL),
    ('CUS033', 'Penelope Ward', '555-666-7777', NULL),
    ('CUS034', 'Quinn Phillips', '666-777-8888', NULL),
    ('CUS035', 'Ryan Bell', '777-888-9999', NULL),
    ('CUS036', 'Scarlett Hill', '888-999-0000', NULL),
    ('CUS037', 'Theo Bailey', '999-000-1111', NULL),
    ('CUS038', 'Violet Price', '000-111-2222', NULL),
    ('CUS039', 'William Foster', '111-222-3333', NULL),
    ('CUS040', 'Xavier Reed', '222-333-4444', NULL),
    ('CUS041', 'Yara Simmons', '333-444-5555', NULL),
    ('CUS042', 'Zoe Martinez', '444-555-6666', NULL),
    ('CUS043', 'Adam Parker', '555-666-7777', NULL),
    ('CUS044', 'Bella Scott', '666-777-8888', NULL),
    ('CUS045', 'Caleb Young', '777-888-9999', NULL),
    ('CUS046', 'Daisy Cooper', '888-999-0000', NULL),
    ('CUS047', 'Eli Morgan', '999-000-1111', NULL),
    ('CUS048', 'Faith Reed', '000-111-2222', NULL),
    ('CUS049', 'Gavin Stewart', '111-222-3333', NULL),
    ('CUS050', 'Hazel Ward', '222-333-4444', NULL),
    ('CUS051', 'Isaac Moore', '333-444-5555', NULL),
    ('CUS052', 'Julia King', '444-555-6666', NULL),
    ('CUS053', 'Kai Ross', '555-666-7777', NULL),
    ('CUS054', 'Liam Campbell', '666-777-8888', NULL),
    ('CUS055', 'Mila Price', '777-888-9999', NULL),
    ('CUS056', 'Nathan Young', '888-999-0000', 'MEM004'),
    ('CUS057', 'Olivia Cooper', '999-000-1111', NULL),
    ('CUS058', 'Parker Foster', '000-111-2222', NULL),
    ('CUS059', 'Quinn Reed', '111-222-3333', NULL),
    ('CUS060', 'Ruby Phillips', '222-333-4444', NULL),
    ('CUS061', 'Samuel Bell', '333-444-5555', NULL),
    ('CUS062', 'Taylor Hill', '444-555-6666', NULL),
    ('CUS063', 'Uma Bailey', '555-666-7777', NULL),
    ('CUS064', 'Victor Price', '666-777-8888', NULL),
    ('CUS065', 'Willow Ward', '777-888-9999', NULL),
    ('CUS066', 'Xander Moore', '888-999-0000', NULL),
    ('CUS067', 'Yasmine Jones', '999-000-1111', 'MEM003'),
    ('CUS068', 'Zachary Martinez', '000-111-2222', 'MEM005'),
    ('CUS069', 'Aiden Parker', '111-222-3333', NULL),
    ('CUS070', 'Brianna Scott', '222-333-4444', NULL),
    ('CUS071', 'Christian Young', '333-444-5555', NULL),
    ('CUS072', 'Diana Cooper', '444-555-6666', 'MEM007'),
    ('CUS073', 'Elijah Foster', '555-666-7777', NULL),
    ('CUS074', 'Fiona Reed', '666-777-8888', NULL),
    ('CUS075', 'Grayson Phillips', '777-888-9999', NULL),
    ('CUS076', 'Hailey Bell', '888-999-0000', NULL),
    ('CUS077', 'Isaiah Hill', '999-000-1111', NULL),
    ('CUS078', 'Jessica Bailey', '000-111-2222', 'MEM009'),
    ('CUS079', 'Kylie Price', '111-222-3333', NULL),
    ('CUS080', 'Landon Ward', '222-333-4444', NULL),
    ('CUS081', 'Megan Moore', '333-444-5555', NULL),
    ('CUS082', 'Nathan King', '444-555-6666', NULL),
    ('CUS083', 'Olivia Ross', '555-666-7777', 'MEM008'),
    ('CUS084', 'Patrick Campbell', '666-777-8888', NULL),
    ('CUS085', 'Quinn Price', '777-888-9999', NULL),
    ('CUS086', 'Rachel Young', '888-999-0000', NULL),
    ('CUS087', 'Samantha Cooper', '999-000-1111', NULL),
    ('CUS088', 'Thomas Foster', '000-111-2222', NULL),
    ('CUS089', 'Ulysses Reed', '111-222-3333', NULL),
    ('CUS090', 'Victoria Stewart', '222-333-4444', NULL),
    ('CUS091', 'Wyatt Ward', '333-444-5555', NULL),
    ('CUS092', 'Xena Moore', '444-555-6666', NULL),
    ('CUS093', 'Yanni King', '555-666-7777', NULL),
    ('CUS094', 'Zander Ross', '666-777-8888', NULL),
    ('CUS095', 'Amelia Price', '777-888-9999', NULL),
    ('CUS096', 'Benjamin Young', '888-999-0000', NULL),
    ('CUS097', 'Caroline Cooper', '999-000-1111', NULL),
    ('CUS098', 'Daniel Foster', '000-111-2222', NULL),
    ('CUS099', 'Emma Reed', '111-222-3333', NULL),
    ('CUS100', 'Felix Stewart', '222-333-4444', 'MEM010');



-- Insert data into Transactions_Menu table
INSERT INTO Transactions_Menu (Transactions_TransactionID, Menu_MenuId)
VALUES 
(1, 1),
(1, 2),
(1, 3),
(2, 4),
(2, 5),
(2, 5);

-- Insert data into Transactions_Merchandise table
INSERT INTO Transactions_Merchandise (Transactions_TransactionID, Merchandise_ItemID)
VALUES 
(1, 201),
(1, 202),
(1, 203),
(2, 204),
(2, 205),
(2, 205);

-- Insert data into CardCatalogue_Transactions table
INSERT INTO CardCatalogue_Transactions (CardCatalogue_CardID, Transactions_TransactionID)
VALUES 
(1, 1),
(2, 2);




-- Insert data into Transactions table
INSERT INTO Transactions (TransactionID, Date, TotalItems, TotalAmount, PaymentMethod, Employees_EmployeeID, Customers_CustomerID, Discount_DiscountID, item_ids, item_quantities)
VALUES 
(1, '2024-07-10', 10, 500000, 'Cash', 101, 201, 301, '101,102,103', '3,2,5'),
(2, '2024-07-15', 8, 400000, 'Credit Card', 102, 202, 302, '104,105', '2,6');